{
  "version": 1,
  "author": "Anonymous maker",
  "editor": "wokwi",
  "parts": [
    { "type": "wokwi-breadboard", "id": "bb1", "top": -22.2, "left": -362, "attrs": {} },
    { "type": "wokwi-arduino-mega", "id": "mega", "top": 509.4, "left": -291.6, "attrs": {} },
    { "type": "wokwi-lcd1602", "id": "lcd1", "top": 224.23, "left": -252.8, "attrs": {} },
    { "type": "wokwi-potentiometer", "id": "pot1", "top": 219.5, "left": -499.4, "attrs": {} },
    {
      "type": "wokwi-rgb-led",
      "id": "rgb2",
      "top": 234.4,
      "left": 97.1,
      "attrs": { "common": "cathode" }
    },
    {
      "type": "wokwi-buzzer",
      "id": "bz1",
      "top": 40.8,
      "left": 145.8,
      "attrs": { "volume": "0.1" }
    },
    { "type": "wokwi-membrane-keypad", "id": "keypad1", "top": 84.4, "left": 495.2, "attrs": {} },
    { "type": "wokwi-dht22", "id": "dht1", "top": 201.9, "left": -370.2, "attrs": {} },
    {
      "type": "wokwi-photoresistor-sensor",
      "id": "ldr1",
      "top": 425.6,
      "left": -431.2,
      "attrs": {}
    }
  ],
  "connections": [
    [ "lcd1:A", "mega:5V.1", "red", [ "v48", "h155.7" ] ],
    [ "mega:5V.2", "bb1:bp.50", "red", [ "v-37.4", "h161.4" ] ],
    [ "mega:GND.5", "bb1:bn.49", "black", [ "v20.15", "h151.8" ] ],
    [ "mega:12", "lcd1:RS", "#8f4814", [ "v-38.4", "h-38.7" ] ],
    [ "lcd1:E", "mega:11", "blue", [ "v57.6", "h29.2" ] ],
    [ "lcd1:D4", "mega:5", "white", [ "v38.4", "h42.7" ] ],
    [ "lcd1:D5", "mega:4", "purple", [ "v57.6", "h42.7" ] ],
    [ "lcd1:D6", "mega:3", "green", [ "v67.2", "h42.7" ] ],
    [ "lcd1:D7", "mega:2", "orange", [ "v76.8", "h42.7" ] ],
    [ "lcd1:VSS", "pot1:GND", "black", [ "v19.2", "h-249.6" ] ],
    [ "lcd1:V0", "pot1:SIG", "gold", [ "v38.4", "h-259.1" ] ],
    [ "lcd1:VDD", "pot1:VCC", "red", [ "h0.1", "v28.8", "h-239.2" ] ],
    [ "lcd1:VDD", "lcd1:A", "red", [ "v28.8", "h124.9" ] ],
    [ "lcd1:K", "lcd1:VSS", "black", [ "v19.2", "h-144", "v0" ] ],
    [ "lcd1:RW", "lcd1:K", "black", [ "v19.2", "h105.5" ] ],
    [ "lcd1:K", "mega:GND.5", "black", [ "v38.4", "h220.8", "v211.2" ] ],
    [ "rgb2:B", "mega:8", "blue", [ "v220.8", "h-248" ] ],
    [ "rgb2:G", "mega:9", "green", [ "v211.2", "h-248.3" ] ],
    [ "rgb2:R", "mega:10", "red", [ "v192", "h-240" ] ],
    [ "keypad1:R1", "mega:22", "green", [ "v0" ] ],
    [ "keypad1:R2", "mega:24", "green", [ "v0" ] ],
    [ "keypad1:R3", "mega:26", "green", [ "v0" ] ],
    [ "keypad1:R4", "mega:28", "green", [ "v0" ] ],
    [ "keypad1:C1", "mega:30", "green", [ "v0" ] ],
    [ "keypad1:C2", "mega:32", "green", [ "v0" ] ],
    [ "keypad1:C3", "mega:34", "green", [ "v0" ] ],
    [ "keypad1:C4", "mega:36", "green", [ "v0" ] ],
    [ "rgb2:COM", "bb1:bn.46", "black", [ "v9.2", "h86.5" ] ],
    [ "bb1:54b.j", "bb1:bn.44", "black", [ "v0" ] ],
    [ "bb1:55b.j", "mega:6", "gold", [ "v249.6", "h-220.8", "v57.6", "h-57.6" ] ],
    [ "ldr1:GND", "mega:GND.1", "black", [ "h0" ] ],
    [ "ldr1:VCC", "lcd1:VDD", "red", [ "h0" ] ],
    [ "ldr1:AO", "mega:A0", "yellow", [ "h19.2", "v37.7", "h-105.6", "v220.8", "h259.2" ] ],
    [ "dht1:VCC", "bb1:bp.1", "red", [ "v28.8", "h-38.4", "v-163.2" ] ],
    [ "dht1:GND", "bb1:bn.3", "black", [ "v28.8", "h38.4" ] ],
    [ "dht1:SDA", "mega:13", "gold", [ "v86.4", "h124.9", "v86.4", "h57.6" ] ],
    [ "bz1:1", "bb1:54b.i", "", [ "$bb" ] ],
    [ "bz1:2", "bb1:55b.i", "", [ "$bb" ] ]
  ],
  "dependencies": {}
}